,0
zeta100017/zeta100017-1-BviQf.html,3
zeta100033/zeta100033-1-KmrCo.html,2
zeta100033/zeta100033-2-KmrCo.html,2
zeta100079/zeta100079-1-FHzUp.html,1
zeta100079/zeta100079-1-jmLPB.html,1
zeta100079/zeta100079-2-FHzUp.html,1
zeta100079/zeta100079-2-jmLPB.html,1
zeta100237/zeta100237-1-EENYO.html,1
zeta100237/zeta100237-1-nBcRD.html,1
zeta100237/zeta100237-2-EENYO.html,3
zeta100237/zeta100237-2-nBcRD.html,3
zeta100303/zeta100303-1-iLNxZ.html,1
zeta100303/zeta100303-1-oLnHu.html,1
zeta100303/zeta100303-2-iLNxZ.html,2
zeta100303/zeta100303-2-oLnHu.html,2
zeta100328/zeta100328-1-osUON.html,3
zeta100364/zeta100364-1-bIoNR.html,2
zeta100364/zeta100364-1-WRaCs.html,2
zeta10037/zeta10037-1-EYeZP.html,1
zeta10037/zeta10037-2-EYeZP.html,1
zeta100388/zeta100388-1-JzKXP.html,None
zeta100388/zeta100388-1-NBiCn.html,None
zeta100388/zeta100388-2-JzKXP.html,None
zeta100388/zeta100388-2-NBiCn.html,None
zeta100569/zeta100569-1-otRAK.html,2
zeta100569/zeta100569-2-otRAK.html,2
zeta100600/zeta100600-1-eiZnX.html,1
zeta100600/zeta100600-1-rpdnq.html,2
zeta10065/zeta10065-1-yLifu.html,3
zeta10065/zeta10065-2-yLifu.html,None
zeta100750/zeta100750-1-KRnej.html,1
zeta100813/zeta100813-1-HGfCc.html,1
zeta100813/zeta100813-1-YpBoO.html,1
zeta100858/zeta100858-1-TUzxV.html,1
zeta100858/zeta100858-2-TUzxV.html,1
zeta100921/zeta100921-1-vZVpS.html,1
zeta100978/zeta100978-1-ZJCbY.html,1
zeta100978/zeta100978-2-ZJCbY.html,3
zeta101071/zeta101071-1-BhvLP.html,1
zeta101071/zeta101071-1-sBBmv.html,1
zeta101116/zeta101116-1-qxvIG.html,2
zeta101116/zeta101116-2-qxvIG.html,2
zeta101176/zeta101176-1-yEySl.html,3
zeta101204/zeta101204-1-IfVgU.html,1
zeta101204/zeta101204-1-xswJY.html,1
zeta101230/zeta101230-1-YgnaP.html,1
zeta101250/zeta101250-1-eXAHA.html,None
zeta101260/zeta101260-1-QCJRB.html,1
zeta101260/zeta101260-1-VGAie.html,2
zeta101260/zeta101260-2-QCJRB.html,1
zeta101260/zeta101260-2-VGAie.html,2
zeta101301/zeta101301-1-YlOgq.html,1
zeta101303/zeta101303-1-JkcVp.html,1
zeta101303/zeta101303-1-UdnEk.html,1
zeta101365/zeta101365-1-FwbLD.html,3
zeta101365/zeta101365-1-IamJX.html,3
zeta101500/zeta101500-1-zBsCF.html,1
zeta101500/zeta101500-2-zBsCF.html,3
zeta101557/zeta101557-1-uevrx.html,1
zeta101557/zeta101557-1-xVoDA.html,1
zeta101588/zeta101588-1-efsCV.html,1
zeta101588/zeta101588-1-XdjwA.html,3
zeta101588/zeta101588-2-efsCV.html,3
zeta101588/zeta101588-2-XdjwA.html,1
zeta101773/zeta101773-1-GQTfQ.html,3
zeta101773/zeta101773-2-GQTfQ.html,None
zeta101779/zeta101779-1-MOwsu.html,1
zeta101779/zeta101779-1-snAxi.html,1
zeta101779/zeta101779-2-MOwsu.html,3
zeta101779/zeta101779-2-snAxi.html,1
zeta102056/zeta102056-1-XGnqW.html,1
zeta102056/zeta102056-1-zXEap.html,3
zeta102056/zeta102056-2-XGnqW.html,3
zeta102056/zeta102056-2-zXEap.html,1
zeta102057/zeta102057-1-gUCkl.html,1
zeta102057/zeta102057-1-OfewA.html,1
zeta102057/zeta102057-2-gUCkl.html,3
zeta102057/zeta102057-2-OfewA.html,1
zeta102195/zeta102195-1-tWWJJ.html,1
zeta102195/zeta102195-2-tWWJJ.html,3
zeta102210/zeta102210-1-clFMF.html,3
zeta102210/zeta102210-2-clFMF.html,1
zeta102375/zeta102375-1-LTJRe.html,1
zeta102618/zeta102618-1-Mxyfc.html,1
zeta102618/zeta102618-2-Mxyfc.html,1
zeta102673/zeta102673-1-kcMZP.html,2
zeta102673/zeta102673-1-UuWev.html,2
zeta102734/zeta102734-1-BHBQV.html,1
zeta102734/zeta102734-1-nmctM.html,1
zeta102734/zeta102734-2-BHBQV.html,3
zeta102734/zeta102734-2-nmctM.html,3
zeta102900/zeta102900-1-HYOEj.html,1
zeta102900/zeta102900-1-iziwb.html,1
zeta102900/zeta102900-2-HYOEj.html,3
zeta102900/zeta102900-2-iziwb.html,3
zeta103022/zeta103022-1-ILTcR.html,2
zeta103022/zeta103022-2-ILTcR.html,2
zeta103087/zeta103087-1-epSEH.html,2
zeta103087/zeta103087-1-UyZRZ.html,2
zeta103087/zeta103087-2-epSEH.html,2
zeta103087/zeta103087-2-UyZRZ.html,2
zeta103171/zeta103171-1-DtxlB.html,1
zeta103171/zeta103171-1-ydZAW.html,1
zeta103215/zeta103215-1-NkMUH.html,1
zeta103391/zeta103391-1-iPIGe.html,3
zeta103391/zeta103391-1-SChbS.html,3
zeta103391/zeta103391-2-SChbS.html,2
zeta103410/zeta103410-1-DFUdq.html,1
zeta103471/zeta103471-1-Qfjgu.html,3
zeta103471/zeta103471-1-uOcki.html,3
zeta103478/zeta103478-1-lTsSZ.html,3
zeta103478/zeta103478-1-pDaYu.html,3
zeta103527/zeta103527-1-nteEB.html,1
zeta103527/zeta103527-1-UHwWR.html,1
zeta103535/zeta103535-1-GDuPs.html,2
zeta103687/zeta103687-1-CZxFM.html,2
zeta103687/zeta103687-1-XNIwn.html,1
zeta103761/zeta103761-1-kosvi.html,2
zeta104009/zeta104009-1-aHxNy.html,1
zeta104009/zeta104009-1-vwHVZ.html,1
zeta104018/zeta104018-1-TpzEF.html,1
zeta104052/zeta104052-1-TCtMC.html,3
zeta104094/zeta104094-1-XbIYJ.html,1
zeta104094/zeta104094-2-XbIYJ.html,1
zeta104109/zeta104109-1-WLWKH.html,1
zeta104118/zeta104118-1-FGczj.html,1
zeta104128/zeta104128-1-EcLMy.html,1
zeta104128/zeta104128-2-EcLMy.html,1
zeta104148/zeta104148-1-zQjVv.html,1
zeta104148/zeta104148-2-zQjVv.html,3
zeta104157/zeta104157-1-gTqsb.html,2
zeta104161/zeta104161-1-LCwmk.html,1
zeta104161/zeta104161-1-LxeAo.html,1
zeta104218/zeta104218-1-QhRrB.html,3
zeta104218/zeta104218-1-VgwDj.html,3
zeta104218/zeta104218-2-QhRrB.html,None
zeta104218/zeta104218-2-VgwDj.html,None
zeta104262/zeta104262-1-WYWPz.html,3
zeta104262/zeta104262-1-xobNN.html,3
zeta104262/zeta104262-2-WYWPz.html,2
zeta104262/zeta104262-2-xobNN.html,2
zeta10434/zeta10434-1-KmkNx.html,1
zeta10434/zeta10434-1-TiZgI.html,1
zeta104418/zeta104418-1-IrXGc.html,1
zeta104518/zeta104518-1-SYDDY.html,1
zeta104545/zeta104545-1-fDugK.html,3
zeta104545/zeta104545-1-oTiFq.html,3
zeta104620/zeta104620-1-avqhi.html,1
zeta104620/zeta104620-2-avqhi.html,1
zeta104689/zeta104689-1-zcHpb.html,1
zeta104689/zeta104689-1-zfQhZ.html,1
zeta104815/zeta104815-1-CvyeU.html,3
zeta104815/zeta104815-1-gJeAc.html,1
zeta104815/zeta104815-2-CvyeU.html,3
zeta104888/zeta104888-1-kBCVf.html,1
zeta104942/zeta104942-1-CRZgg.html,1
zeta104942/zeta104942-1-FdCbU.html,1
zeta10516/zeta10516-1-omrFb.html,2
zeta10516/zeta10516-1-Sters.html,2
zeta10516/zeta10516-2-omrFb.html,2
zeta105165/zeta105165-1-EiECw.html,2
zeta105165/zeta105165-2-EiECw.html,3
zeta105217/zeta105217-1-tCEPd.html,1
zeta105285/zeta105285-1-cnely.html,1
zeta105285/zeta105285-1-gNDcM.html,1
zeta105285/zeta105285-2-cnely.html,3
zeta105285/zeta105285-2-gNDcM.html,3
zeta105294/zeta105294-1-ODVoe.html,1
zeta105294/zeta105294-1-TghSq.html,1
zeta105294/zeta105294-2-ODVoe.html,3
zeta105294/zeta105294-2-TghSq.html,3
zeta105365/zeta105365-1-CbGRH.html,3
zeta105365/zeta105365-1-dsZTx.html,3
zeta105365/zeta105365-2-CbGRH.html,2
zeta105365/zeta105365-2-dsZTx.html,None
zeta105452/zeta105452-1-FgGZX.html,3
zeta105452/zeta105452-1-GpSTh.html,3
zeta105460/zeta105460-1-IaNdX.html,1
zeta105460/zeta105460-1-MKLRm.html,1
zeta105465/zeta105465-1-BGDRa.html,1
zeta105465/zeta105465-1-RWmCj.html,3
zeta105469/zeta105469-1-bZFoK.html,2
zeta105469/zeta105469-1-UjOmP.html,2
zeta105481/zeta105481-1-whfZD.html,3
zeta105484/zeta105484-1-MvotR.html,None
zeta105494/zeta105494-1-GmIpj.html,3
zeta105494/zeta105494-2-GmIpj.html,3
zeta105498/zeta105498-1-duoON.html,1
zeta105517/zeta105517-1-ObiKo.html,3
zeta105517/zeta105517-1-xaKUs.html,1
zeta105529/zeta105529-1-Frfuh.html,None
zeta105538/zeta105538-1-wybjM.html,3
zeta105538/zeta105538-1-ZgOIJ.html,None
zeta105544/zeta105544-1-dXqcT.html,3
zeta105546/zeta105546-1-SKHFe.html,3
zeta105550/zeta105550-1-FPphE.html,2
zeta105550/zeta105550-2-FPphE.html,2
zeta105555/zeta105555-1-bbuis.html,1
zeta105555/zeta105555-1-WFMtX.html,1
zeta105555/zeta105555-2-bbuis.html,1
zeta105555/zeta105555-2-WFMtX.html,1
zeta105573/zeta105573-1-AXIqG.html,3
zeta105594/zeta105594-1-uWcJQ.html,3
zeta105615/zeta105615-1-qVKpN.html,3
zeta105615/zeta105615-1-uQLNy.html,1
zeta105615/zeta105615-2-qVKpN.html,3
zeta105615/zeta105615-2-uQLNy.html,3
zeta105627/zeta105627-1-nuLyF.html,3
zeta105627/zeta105627-1-yqAzT.html,3
zeta105640/zeta105640-1-CRdGA.html,None
zeta105640/zeta105640-1-KyAww.html,None
zeta105640/zeta105640-2-CRdGA.html,None
zeta105640/zeta105640-2-KyAww.html,3
zeta105658/zeta105658-1-BgIbh.html,2
zeta105658/zeta105658-1-dgEcJ.html,2
zeta105658/zeta105658-2-BgIbh.html,2
zeta105658/zeta105658-2-dgEcJ.html,2
zeta105664/zeta105664-1-oRvDV.html,3
zeta105667/zeta105667-1-bdbro.html,3
zeta105668/zeta105668-1-DzjmP.html,1
zeta105668/zeta105668-2-DzjmP.html,1
zeta105680/zeta105680-1-cobqx.html,1
zeta105680/zeta105680-1-FBxms.html,1
zeta105680/zeta105680-2-cobqx.html,None
zeta105680/zeta105680-2-FBxms.html,None
zeta105681/zeta105681-1-Nxjww.html,3
zeta105682/zeta105682-1-gLcfr.html,3
zeta105682/zeta105682-1-hwOaX.html,3
zeta105690/zeta105690-1-csHAi.html,1
zeta105691/zeta105691-1-snsTf.html,1
zeta105691/zeta105691-2-snsTf.html,1
zeta10571/zeta10571-1-vNxgK.html,1
zeta10571/zeta10571-2-vNxgK.html,2
zeta10573/zeta10573-1-ElqHi.html,1
zeta10573/zeta10573-1-wCVly.html,1
zeta105745/zeta105745-1-KvtWd.html,2
zeta105745/zeta105745-1-KxqiT.html,2
zeta105745/zeta105745-2-KvtWd.html,2
zeta105745/zeta105745-2-KxqiT.html,2
zeta105769/zeta105769-1-lpbSC.html,1
zeta105769/zeta105769-2-lpbSC.html,3
zeta105770/zeta105770-1-cYiWc.html,1
zeta105770/zeta105770-1-yOWUa.html,3
zeta105770/zeta105770-2-cYiWc.html,3
zeta105770/zeta105770-2-yOWUa.html,1
zeta105789/zeta105789-1-LVYbb.html,None
zeta10584/zeta10584-1-CJDWC.html,1
zeta10584/zeta10584-1-dzzZs.html,1
zeta105842/zeta105842-1-zQtuT.html,1
zeta10586/zeta10586-1-NrpjE.html,1
zeta10586/zeta10586-1-vKqjE.html,1
zeta10586/zeta10586-2-NrpjE.html,1
zeta10586/zeta10586-2-vKqjE.html,1
zeta105923/zeta105923-1-dLsPO.html,1
zeta105923/zeta105923-1-yfaof.html,1
zeta105923/zeta105923-2-dLsPO.html,3
zeta105923/zeta105923-2-yfaof.html,3
zeta105945/zeta105945-1-ZqKsm.html,None
zeta106162/zeta106162-1-rbuCE.html,1
zeta106162/zeta106162-1-yvUOu.html,None
zeta106162/zeta106162-2-yvUOu.html,3
zeta106262/zeta106262-1-pSuOv.html,1
zeta106262/zeta106262-1-srVQe.html,1
zeta106262/zeta106262-2-pSuOv.html,1
zeta106262/zeta106262-2-srVQe.html,1
zeta106293/zeta106293-1-XzsKO.html,2
zeta106293/zeta106293-1-ZaVeG.html,2
zeta106293/zeta106293-2-XzsKO.html,2
zeta106293/zeta106293-2-ZaVeG.html,2
zeta106418/zeta106418-1-QEnnX.html,1
zeta106418/zeta106418-1-yFhMI.html,1
zeta10645/zeta10645-1-srPKT.html,1
zeta10645/zeta10645-1-TmHTb.html,1
zeta10645/zeta10645-2-srPKT.html,1
zeta10645/zeta10645-2-TmHTb.html,1
zeta106571/zeta106571-1-DwTNh.html,1
zeta106571/zeta106571-2-DwTNh.html,1
zeta106603/zeta106603-1-YlfFy.html,1
zeta106603/zeta106603-1-ZWzeO.html,1
zeta106603/zeta106603-2-YlfFy.html,3
zeta106603/zeta106603-2-ZWzeO.html,3
zeta106638/zeta106638-1-Nsriw.html,3
zeta106638/zeta106638-2-Nsriw.html,2
zeta106649/zeta106649-1-QkpIN.html,2
zeta106649/zeta106649-2-QkpIN.html,2
zeta106710/zeta106710-1-LUOve.html,2
zeta106710/zeta106710-2-LUOve.html,1
zeta10692/zeta10692-1-DFCdu.html,3
zeta10692/zeta10692-1-kRfXS.html,3
zeta10692/zeta10692-2-DFCdu.html,3
zeta10692/zeta10692-2-kRfXS.html,3
zeta106961/zeta106961-1-fiGZv.html,1
zeta107005/zeta107005-1-aQilV.html,1
zeta107005/zeta107005-1-nUkxV.html,1
zeta107005/zeta107005-2-aQilV.html,3
zeta107072/zeta107072-1-UKJjw.html,1
zeta107072/zeta107072-1-uxBJL.html,1
zeta107072/zeta107072-2-uxBJL.html,3
zeta107082/zeta107082-1-KIXSF.html,1
zeta107082/zeta107082-2-KIXSF.html,3
zeta107087/zeta107087-1-VxsUy.html,1
zeta107087/zeta107087-2-VxsUy.html,2
zeta107112/zeta107112-1-BLRVY.html,1
zeta107112/zeta107112-1-UBELZ.html,1
zeta107179/zeta107179-1-DCCWy.html,3
zeta107201/zeta107201-1-aVQOL.html,1
zeta107201/zeta107201-2-aVQOL.html,1
zeta107246/zeta107246-1-coJei.html,None
zeta107246/zeta107246-1-prTzM.html,None
zeta107256/zeta107256-1-nAVko.html,1
zeta107256/zeta107256-1-UaIWi.html,1
zeta107257/zeta107257-1-IfXap.html,3
zeta107257/zeta107257-1-IiLLR.html,3
zeta107257/zeta107257-2-IfXap.html,3
zeta107257/zeta107257-2-IiLLR.html,3
zeta10742/zeta10742-1-DKFdQ.html,1
zeta10742/zeta10742-1-thfmk.html,1
zeta107501/zeta107501-1-zIXaB.html,2
zeta107517/zeta107517-1-OtUDN.html,3
zeta107605/zeta107605-1-bRdNh.html,3
zeta107605/zeta107605-1-Epolg.html,3
zeta107611/zeta107611-1-cLGMN.html,1
zeta107647/zeta107647-1-sGkWC.html,1
zeta107647/zeta107647-1-wWxzj.html,1
zeta107647/zeta107647-2-sGkWC.html,1
zeta107647/zeta107647-2-wWxzj.html,1
zeta107703/zeta107703-1-dgzaR.html,1
zeta107703/zeta107703-1-TXYFr.html,1
zeta107829/zeta107829-1-dVsGK.html,1
zeta107829/zeta107829-1-HRMdS.html,1
zeta107829/zeta107829-2-HRMdS.html,3
zeta107862/zeta107862-1-lknUB.html,1
zeta107862/zeta107862-1-SNRbk.html,1
zeta107862/zeta107862-2-lknUB.html,1
zeta107862/zeta107862-2-SNRbk.html,1
zeta107889/zeta107889-1-Nhaue.html,3
zeta107889/zeta107889-1-ULAju.html,3
zeta107889/zeta107889-2-ULAju.html,3
zeta108003/zeta108003-1-tNdYB.html,1
zeta108052/zeta108052-1-NzDLc.html,1
zeta108052/zeta108052-2-NzDLc.html,1
zeta108069/zeta108069-1-QFHEL.html,2
zeta108069/zeta108069-2-QFHEL.html,2
zeta108099/zeta108099-1-BreDl.html,2
zeta108099/zeta108099-1-jaBoU.html,2
zeta108109/zeta108109-1-KTSja.html,1
zeta108109/zeta108109-2-KTSja.html,3
zeta108120/zeta108120-1-WGeMh.html,3
zeta108120/zeta108120-1-ZVMlD.html,3
zeta108120/zeta108120-2-WGeMh.html,3
zeta108120/zeta108120-2-ZVMlD.html,3
zeta108122/zeta108122-1-hrsOY.html,1
zeta108122/zeta108122-2-hrsOY.html,1
zeta108184/zeta108184-1-TidJv.html,1
zeta108194/zeta108194-1-GjhaU.html,1
zeta108194/zeta108194-1-zzFjR.html,1
zeta108239/zeta108239-1-ClFUI.html,1
zeta108239/zeta108239-1-eBnxv.html,2
zeta108340/zeta108340-1-egzou.html,2
zeta108340/zeta108340-1-juMyh.html,2
zeta108340/zeta108340-2-egzou.html,3
zeta108340/zeta108340-2-juMyh.html,3
zeta108453/zeta108453-1-ahsGe.html,1
zeta108453/zeta108453-1-pUMIG.html,1
zeta108453/zeta108453-2-ahsGe.html,1
zeta108453/zeta108453-2-pUMIG.html,3
zeta108471/zeta108471-1-kkwZj.html,3
zeta108471/zeta108471-1-VjkCa.html,3
zeta108603/zeta108603-1-hdmiL.html,3
zeta108603/zeta108603-1-XXkLa.html,3
zeta108603/zeta108603-2-hdmiL.html,3
zeta108603/zeta108603-2-XXkLa.html,3
zeta108605/zeta108605-1-HFwqt.html,1
zeta108605/zeta108605-1-PfzFM.html,1
zeta108605/zeta108605-2-PfzFM.html,3
zeta108707/zeta108707-1-mDkHw.html,1
zeta108733/zeta108733-1-KggqF.html,1
zeta108733/zeta108733-1-VaoWv.html,1
zeta108733/zeta108733-2-KggqF.html,3
zeta108800/zeta108800-1-OxLdi.html,1
zeta108800/zeta108800-1-wdWOU.html,1
zeta108800/zeta108800-2-wdWOU.html,3
zeta108824/zeta108824-1-rlBmG.html,2
zeta108853/zeta108853-1-sFktz.html,1
zeta108853/zeta108853-2-sFktz.html,None
zeta108857/zeta108857-1-eRDYI.html,None
zeta108857/zeta108857-1-kiPgd.html,None
zeta10888/zeta10888-1-UvsgG.html,2
zeta10888/zeta10888-2-UvsgG.html,1
zeta108880/zeta108880-1-ecVNZ.html,1
zeta108880/zeta108880-1-hhOem.html,1
zeta108880/zeta108880-2-ecVNZ.html,1
zeta108880/zeta108880-2-hhOem.html,1
zeta10894/zeta10894-1-koHLW.html,1
zeta108966/zeta108966-1-CTayR.html,1
zeta108966/zeta108966-1-riMUt.html,1
zeta108966/zeta108966-2-CTayR.html,3
zeta108966/zeta108966-2-riMUt.html,3
zeta108989/zeta108989-1-JugEL.html,3
zeta108989/zeta108989-1-OsTnT.html,3
zeta108989/zeta108989-2-JugEL.html,3
zeta108989/zeta108989-2-OsTnT.html,3
zeta109114/zeta109114-1-rEoQG.html,1
zeta109114/zeta109114-1-xVeiL.html,1
zeta109114/zeta109114-2-xVeiL.html,3
zeta109160/zeta109160-1-jkMJf.html,1
zeta109160/zeta109160-1-jMhmg.html,1
zeta109160/zeta109160-2-jkMJf.html,3
zeta109160/zeta109160-2-jMhmg.html,3
zeta109218/zeta109218-1-CBYGp.html,2
zeta109236/zeta109236-1-dULrc.html,None
zeta109236/zeta109236-1-GLWxe.html,None
zeta10928/zeta10928-1-JOqTC.html,2
zeta10928/zeta10928-1-pywlp.html,2
zeta10928/zeta10928-2-JOqTC.html,2
zeta10928/zeta10928-2-pywlp.html,2
zeta109323/zeta109323-1-IVsRc.html,1
zeta109323/zeta109323-2-IVsRc.html,1
zeta109329/zeta109329-1-dWkuo.html,1
zeta109329/zeta109329-1-eWZJr.html,1
zeta109476/zeta109476-1-moYCX.html,1
zeta109476/zeta109476-1-zJcBU.html,1
zeta109476/zeta109476-2-moYCX.html,1
zeta109476/zeta109476-2-zJcBU.html,1
zeta109768/zeta109768-1-FszTu.html,3
zeta109768/zeta109768-1-mouaM.html,3
zeta109769/zeta109769-1-LEhlD.html,3
zeta109769/zeta109769-1-NlNyy.html,3
zeta109928/zeta109928-1-HjRGh.html,None
zeta110/zeta110-1-bIrZH.html,3
zeta110/zeta110-1-GjQjB.html,1
zeta110/zeta110-2-bIrZH.html,1
zeta110/zeta110-2-GjQjB.html,3
zeta110009/zeta110009-1-lmiKb.html,1
zeta110009/zeta110009-2-lmiKb.html,1
zeta110076/zeta110076-1-fcORb.html,1
zeta110076/zeta110076-2-fcORb.html,1
